{"cameraMode":{"drawMode":0,"name":"Shaded","section":"Shading Mode"},"sceneLighting":true,"audioPlay":false,"sceneViewState":{"m_AlwaysRefresh":false,"showFog":true,"showSkybox":true,"showFlares":true,"showImageEffects":true,"showParticleSystems":true,"showVisualEffectGraphs":true,"m_FxEnabled":true},"in2DMode":false,"pivot":{"x":4.186929225921631,"y":3.650205135345459,"z":1.8016786575317383},"rotation":{"x":0.29438889026641848,"y":-0.41230955719947817,"z":0.14275193214416505,"w":0.8502768874168396},"size":4.275890350341797,"orthographic":false}